ID,confirmedBlock,confirmationTime,chainNum,confirmed_blocks,tips,arrival_time,agent,adoption_rate,block_transactions,transaction_creation_time,agent_1,agent_2,agent_3,agent_4,agent_5,agent_6,agent_7,agent_8,agent_9,agent_10,agent_11,agent_12,agent_13,agent_14,agent_15,agent_16,agent_17,agent_18,agent_19,agent_20,agent_21,agent_22,agent_23,agent_24,agent_25,agent_26,agent_27,agent_28,agent_29,agent_30,agent_31,agent_32,agent_33,agent_34,agent_35,agent_36,agent_37,agent_38,agent_39,agent_40,agent_41,agent_42,agent_43,agent_44,agent_45,agent_46,agent_47,agent_48,agent_49,agent_50
0,False,,0,[],[],0,[0],0.0,[],[],0,0,0,0,0,0,0,0,0,0,0,0,0,0,0,0,0,0,0,0,0,0,0,0,0,0,0,0,0,0,0,0,0,0,0,0,0,0,0,0,0,0,0,0,0,0,0,0,0,0
1,False,,1,[],[0],22,[37],0.9990009990009991,[21],[17],175,79,77,78,,132,48,,93,96,191,39,82,87,156,85,,,58,152,115,74,,193,91,86,110,160,99,22,81,106,188,99,56,22,64,22,,116,80,157,79,99,138,76,,124,91,
2,False,,1,[],[0],73,[43],0.49975012493753124,"[19, 26]","[12, 23]",,96,,,,137,,,187,93,191,166,136,104,87,101,,,,152,186,163,,193,190,99,,160,,,,106,188,94,,154,,150,,133,155,157,156,73,138,172,,184,,
3,False,,1,[],[0],74,[12],0.33322225924691773,"[5, 9, 12, 13, 28, 32, 36, 66, 75]","[3, 5, 7, 9, 23, 29, 32, 57, 67]",,,,82,,132,,,,104,191,166,74,87,,158,,,,152,186,163,,,91,86,162,160,99,,,106,188,99,,97,,150,,133,184,,,99,138,165,,124,,
4,False,,1,[],[0],87,[8],0.2499375156210947,"[5, 9, 12, 13, 28, 32, 36, 66]","[3, 5, 7, 9, 23, 29, 32, 57]",175,,,,,187,,,87,,,188,186,,,172,,,118,,115,,,193,162,,110,,,93,,,,,,,,,,190,,,187,,,105,,165,,
5,False,,2,[],[2],94,[9],0.3999200159968006,"[0, 2, 6, 7, 8, 9, 11, 20, 22, 24, 25, 28, 30, 32, 34, 36, 37, 38, 40, 42, 51, 58, 59, 61, 62, 65, 77, 87, 89]","[1, 2, 3, 4, 4, 5, 7, 13, 17, 20, 23, 23, 25, 29, 31, 32, 34, 34, 40, 42, 48, 52, 53, 53, 55, 56, 70, 84, 86]",,96,,,,137,,,187,94,191,188,136,104,,101,,,,152,186,163,,193,190,,,160,,,,182,188,112,,154,,150,,133,155,,160,111,138,172,,184,,
