ID,confirmedBlock,confirmationTime,chainNum,confirmed_blocks,tips,arrival_time,agent,adoption_rate,block_transactions,transaction_creation_time,agent_1,agent_2,agent_3,agent_4,agent_5,agent_6,agent_7,agent_8,agent_9,agent_10
0,False,,0,[],[],0,[0],0.0,[],[],0,0,0,0,0,0,0,0,0,0
1,False,,1,[],[0],42.4901079338293,[1],0.9990009990009991,"[1, 2, 3, 4, 5, 6, 7, 8, 9, 10, 11, 12, 13, 14, 15, 16, 17, 18, 19, 20, 21, 22, 23, 24, 27, 28, 29, 30, 32, 33, 34, 35, 36, 37, 39, 46]","[1, 1, 1, 4, 6, 7, 8, 8, 9, 13, 13, 13, 14, 17, 18, 18, 20, 20, 20, 22, 22, 24, 24, 25, 29, 30, 30, 31, 32, 33, 34, 35, 36, 37, 40, 43]",53,2,52,44,52,57,44,50,46,50
2,False,,1,[],[0],48.04999933590768,[4],0.49975012493753124,"[1, 2, 3, 4, 6, 7, 8, 9, 10, 11, 12, 13, 14, 15, 16, 21, 22, 23, 24, 28, 30, 33, 34, 35, 38, 40, 41, 42, 43, 45, 47]","[1, 1, 1, 4, 7, 8, 8, 9, 13, 13, 13, 14, 17, 18, 18, 22, 24, 24, 25, 30, 31, 33, 34, 35, 38, 40, 40, 41, 41, 42, 46]",58,52,50,75,2,65,62,,62,64
