ID,confirmedBlock,confirmationTime,chainNum,confirmed_blocks,tips,arrival_time,agent,adoption_rate,block_transactions,transaction_creation_time,agent_1,agent_2,agent_3,agent_4,agent_5,agent_6,agent_7,agent_8,agent_9,agent_10,agent_11,agent_12,agent_13,agent_14,agent_15,agent_16,agent_17,agent_18,agent_19,agent_20,agent_21,agent_22,agent_23,agent_24,agent_25,agent_26,agent_27,agent_28,agent_29,agent_30,agent_31,agent_32,agent_33,agent_34,agent_35,agent_36,agent_37,agent_38,agent_39,agent_40,agent_41,agent_42,agent_43,agent_44,agent_45,agent_46,agent_47,agent_48,agent_49,agent_50,agent_51,agent_52,agent_53,agent_54,agent_55,agent_56,agent_57,agent_58,agent_59,agent_60,agent_61,agent_62,agent_63,agent_64,agent_65,agent_66,agent_67,agent_68,agent_69,agent_70,agent_71,agent_72,agent_73,agent_74,agent_75
0,False,,0,[],[],0,[0],0.0,[],[],0,0,0,0,0,0,0,0,0,0,0,0,0,0,0,0,0,0,0,0,0,0,0,0,0,0,0,0,0,0,0,0,0,0,0,0,0,0,0,0,0,0,0,0,0,0,0,0,0,0,0,0,0,0,0,0,0,0,0,0,0,0,0,0,0,0,0,0,0,0,0,0,0,0,0
1,False,,1,[],[0],22,[37],0.9990009990009991,"[0, 1, 4, 6, 8, 9, 10, 11, 12, 13, 16, 20]","[1, 2, 3, 3, 4, 5, 5, 7, 7, 9, 11, 13]",22,36,34,34,36,35,22,36,30,35,33,23,38,35,23,23,36,25,23,35,35,36,23,37,35,28,35,23,36,35,34,36,25,22,36,35,31,22,31,23,37,36,35,36,31,22,35,28,35,35,22,36,29,35,23,34,25,35,31,36,35,31,35,37,28,28,37,40,23,37,22,35,35,28,35
2,False,,2,[],[1],73,[12],0.9995002498750625,"[2, 3, 5, 7, 14, 15, 17, 18, 19, 21, 22, 23, 24, 25, 26, 27, 28, 29, 30, 31, 32, 33, 34, 35, 36, 37, 38, 39, 40, 41, 42, 43, 44, 45, 46, 47, 48, 49, 50, 51, 52, 53, 54, 55, 56, 57, 58, 59, 60, 61, 62, 63, 64, 65, 66, 67, 69, 70, 71, 74, 75, 77]","[2, 3, 3, 4, 9, 10, 11, 12, 12, 17, 17, 18, 20, 23, 23, 23, 23, 25, 25, 26, 29, 30, 31, 31, 32, 34, 34, 36, 40, 41, 42, 43, 43, 44, 46, 47, 47, 47, 47, 48, 49, 49, 50, 50, 51, 51, 52, 53, 53, 53, 55, 55, 55, 56, 57, 58, 62, 64, 64, 66, 67, 70]",73,77,81,82,75,80,79,79,81,84,79,79,73,75,81,79,76,80,79,79,74,80,73,79,79,81,75,76,73,74,88,82,78,82,73,79,82,83,80,80,76,81,80,76,80,81,81,78,79,80,76,75,75,76,80,81,81,79,76,80,80,79,74,74,79,79,73,74,74,73,82,80,80,79,74
