ID,confirmedBlock,confirmationTime,chainNum,confirmed_blocks,tips,arrival_time,agent,adoption_rate,block_transactions,transaction_creation_time,agent_1,agent_2,agent_3,agent_4,agent_5
0,False,,0,[],[],0,[0],0.0,[],[],0,0,0,0,0
1,False,,1,[],[0],22,[3],0.9990009990009991,"[2, 7, 8, 9, 10, 24]","[2, 4, 4, 5, 5, 20]",25,40,33,22,49
2,False,,2,[],[1],73,[4],0.9995002498750625,"[0, 1, 3, 4, 5, 6, 11, 12, 13, 14, 15, 16, 17, 18, 19, 20, 21, 22, 23, 25, 26, 27, 28, 29, 30, 31, 32, 33, 34, 35, 36, 37, 38, 39, 40, 41, 42, 43, 44, 45, 46, 47, 48, 49, 51, 52, 53, 54, 55, 56, 57, 58, 59, 60, 61, 62, 63, 64, 65, 66, 67, 68, 69, 70, 71, 72, 74]","[1, 2, 3, 3, 3, 3, 7, 7, 9, 9, 10, 11, 11, 12, 12, 13, 17, 17, 18, 23, 23, 23, 23, 25, 25, 26, 29, 30, 31, 31, 32, 34, 34, 36, 40, 41, 42, 43, 43, 44, 46, 47, 47, 47, 48, 49, 49, 50, 50, 51, 51, 52, 53, 53, 53, 55, 55, 55, 56, 57, 58, 61, 62, 64, 64, 64, 66]",92,,,,73
