ID,confirmedBlock,confirmationTime,chainNum,confirmed_blocks,tips,arrival_time,agent,adoption_rate,block_transactions,transaction_creation_time,agent_1,agent_2,agent_3,agent_4,agent_5,agent_6,agent_7,agent_8,agent_9,agent_10
0,True,91,0,[],[],0,[0],0.0,[],[],0,0,0,0,0,0,0,0,0,0
1,True,92,1,[],[0],7,"[2, 3, 5, 8]",0.9990009990009991,"[0, 3, 6, 7, 8, 10, 11]","[1, 3, 3, 4, 4, 5, 7]",45,9,7,7,22,7,30,27,7,17
2,False,,2,[],[1],90,"[4, 5, 6, 8]",0.9995002498750625,"[1, 2, 4, 5, 9, 12, 13, 14, 15, 16, 17, 18, 19, 20, 21, 22, 23, 24, 25, 26, 27, 28, 29, 30, 31, 32, 33, 34, 35, 36, 37, 38, 39, 40, 41, 42, 43, 44, 45, 46, 47, 48, 49, 50, 51, 52, 53, 54, 55, 56, 57, 58, 59, 60, 61, 62, 65, 66, 67, 68, 69, 70, 71, 72, 73, 74, 75, 76, 77, 79, 80, 81, 82, 83, 84, 85, 86, 87, 88, 89, 90, 91, 92, 93, 94, 95]","[2, 2, 3, 3, 5, 7, 9, 9, 10, 11, 11, 12, 12, 13, 17, 17, 18, 20, 23, 23, 23, 23, 25, 25, 26, 29, 30, 31, 31, 32, 34, 34, 36, 40, 40, 41, 42, 43, 43, 44, 46, 47, 47, 47, 47, 48, 49, 49, 50, 50, 51, 51, 52, 53, 53, 53, 55, 56, 57, 58, 61, 62, 64, 64, 64, 66, 66, 67, 69, 71, 72, 74, 75, 77, 77, 78, 80, 80, 80, 84, 85, 86, 86, 89, 90, 90]",,,92,92,90,90,90,94,90,
3,False,,3,[0],[2],91,"[4, 5, 6, 8]",0.9996667777407531,[],[],,,92,92,91,91,91,94,91,
4,False,,4,[1],[3],92,"[2, 3, 5, 8]",0.9997500624843788,[96],[91],,,92,92,92,92,93,94,92,
