ID,confirmedBlock,confirmationTime,chainNum,confirmed_blocks,tips,arrival_time,agent,adoption_rate,block_transactions,transaction_creation_time,agent_1,agent_2,agent_3,agent_4,agent_5,agent_6,agent_7,agent_8,agent_9,agent_10
0,True,135.6524822283056,0,[],[],0,[0],0.0,[],[],0,0,0,0,0,0,0,0,0,0
1,True,197.35398908155997,1,[],[0],20.394063347838745,[4],0.9990009990009991,"[2, 12]","[1, 13]",38,22,31,26,21,27,38,44,50,22
2,False,,2,[],[1],54.8003067308572,[0],0.9995002498750625,"[1, 3, 4, 5, 6, 7, 8, 9, 10, 11, 13, 14, 15, 16, 17, 18, 19, 20, 21, 22, 23, 24, 25, 26, 27, 28, 29, 30, 31, 32, 33, 34, 35, 36, 37, 38, 39, 40, 41, 42, 43, 44, 45, 46, 48, 51, 52, 53, 54]","[1, 1, 4, 6, 7, 8, 8, 9, 13, 13, 14, 17, 18, 18, 20, 20, 20, 22, 22, 24, 24, 25, 27, 28, 29, 30, 30, 31, 32, 32, 33, 34, 35, 36, 37, 38, 40, 40, 40, 41, 41, 42, 42, 43, 46, 50, 51, 51, 52]",55,89,61,59,66,71,64,92,56,56
3,False,,3,[0],[2],135.6524822283056,[8],0.9996667777407531,"[47, 49, 50, 55, 56, 57, 58, 59, 60, 61, 62, 63, 64, 65, 66, 67, 68, 69, 70, 71, 72, 73, 74, 75, 76, 77, 78, 79, 80, 81, 82, 83, 84, 85, 86, 87, 88, 89, 90, 91, 92, 93, 94, 95, 96, 97, 98, 99, 101, 102, 103, 105, 106, 107, 108, 109, 112, 113, 114, 115, 116, 120, 122, 125, 126, 127, 128, 129, 130, 131, 133, 137, 141, 148, 155, 156]","[46, 48, 49, 52, 53, 54, 55, 56, 56, 58, 59, 59, 60, 61, 61, 62, 62, 63, 63, 63, 64, 64, 64, 65, 65, 65, 66, 66, 69, 70, 70, 70, 71, 72, 72, 74, 74, 75, 76, 77, 78, 79, 79, 80, 80, 80, 83, 85, 88, 88, 89, 89, 90, 90, 90, 90, 94, 94, 95, 95, 96, 104, 106, 109, 109, 109, 110, 110, 113, 113, 115, 115, 119, 125, 131, 134]",160,141,137,153,154,144,144,147,136,163
4,False,,4,[1],[3],197.35398908155997,[2],0.9997500624843788,"[100, 104, 110, 111, 117, 118, 119, 121, 123, 124, 132, 134, 135, 136, 138, 139, 140, 142, 143, 144, 145, 146, 147, 149, 150, 151, 152, 153, 154, 157, 158, 159, 160, 161, 162, 163, 164, 165, 166, 167, 168, 169, 170, 171, 172, 173, 174, 175, 176, 177, 178, 179, 180, 181, 182, 183, 184, 185, 186, 187, 188, 189, 190, 191, 192, 193, 194, 195, 196, 197, 198, 199, 200, 201, 203, 204]","[87, 89, 90, 93, 100, 102, 103, 104, 108, 108, 113, 115, 115, 115, 116, 116, 116, 120, 120, 121, 122, 123, 124, 126, 126, 128, 128, 129, 131, 134, 134, 137, 137, 137, 137, 138, 140, 140, 141, 141, 141, 142, 143, 143, 143, 147, 147, 148, 148, 148, 151, 151, 152, 152, 154, 155, 155, 158, 159, 159, 160, 160, 160, 163, 163, 166, 167, 167, 169, 169, 171, 172, 172, 173, 173, 173]",,,198,,199,,,,199,
