ID,confirmedBlock,confirmationTime,chainNum,confirmed_blocks,tips,arrival_time,agent,adoption_rate,block_transactions,transaction_creation_time,agent_1,agent_2,agent_3,agent_4,agent_5,agent_6,agent_7,agent_8,agent_9,agent_10,agent_11,agent_12,agent_13,agent_14,agent_15,agent_16,agent_17,agent_18,agent_19,agent_20,agent_21,agent_22,agent_23,agent_24,agent_25,agent_26,agent_27,agent_28,agent_29,agent_30,agent_31,agent_32,agent_33,agent_34,agent_35,agent_36,agent_37,agent_38,agent_39,agent_40,agent_41,agent_42,agent_43,agent_44,agent_45,agent_46,agent_47,agent_48,agent_49,agent_50
0,False,,0,[],[],0,[0],0.0,[],[],0,0,0,0,0,0,0,0,0,0,0,0,0,0,0,0,0,0,0,0,0,0,0,0,0,0,0,0,0,0,0,0,0,0,0,0,0,0,0,0,0,0,0,0,0,0,0,0,0,0
1,False,,1,[],[0],60,[9],0.9990009990009991,"[0, 1, 3, 4, 5, 6, 7, 8, 9, 10, 11, 12, 13, 15, 17, 18, 21, 22, 24, 26, 27, 28, 30, 32, 33, 34, 41, 53]","[2, 2, 4, 5, 5, 6, 7, 7, 7, 8, 11, 11, 12, 15, 16, 19, 21, 22, 23, 25, 26, 27, 29, 32, 33, 33, 39, 48]",119,101,131,102,129,107,118,,106,60,,106,114,116,99,114,89,106,87,,90,113,125,110,105,75,119,126,110,104,102,114,,94,104,109,119,99,108,81,94,102,122,101,89,115,94,92,112,
2,False,,1,[],[0],61,[36],0.49975012493753124,"[0, 1, 2, 3, 4, 5, 6, 7, 9, 10, 11, 13, 15, 16, 17, 18, 23, 24, 25, 31, 36, 37, 38, 43, 48]","[2, 2, 3, 4, 5, 5, 6, 7, 7, 8, 11, 12, 15, 16, 16, 19, 23, 23, 24, 30, 33, 35, 35, 41, 45]",119,84,95,102,129,,118,,106,126,,,114,116,101,114,87,123,89,,66,113,125,128,,114,112,89,118,125,,108,106,120,104,109,61,101,84,119,110,121,122,101,89,,121,132,112,111
3,False,,1,[],[0],101,[15],0.33322225924691773,"[0, 1, 2, 3, 4, 5, 6, 7, 8, 9, 10, 11, 12, 13, 14, 15, 16, 17, 18, 19, 20, 21, 22, 23, 24, 25, 26, 27, 28, 29, 30, 31, 32, 33, 34, 35, 36, 37, 38, 39, 40, 41, 42, 43, 44, 45, 46, 47, 48, 49, 50, 51, 52, 53, 54, 55, 56, 57, 58, 60, 61, 62, 64, 65, 66, 67, 68, 71, 73, 75, 76, 78, 82, 83, 86, 90]","[2, 2, 3, 4, 5, 5, 6, 7, 7, 7, 8, 11, 11, 12, 14, 15, 16, 16, 19, 20, 21, 21, 22, 23, 23, 24, 25, 26, 27, 28, 29, 30, 32, 33, 33, 33, 33, 35, 35, 36, 37, 39, 39, 41, 41, 43, 43, 45, 45, 46, 46, 46, 48, 48, 49, 51, 56, 56, 58, 59, 62, 63, 63, 64, 64, 64, 65, 67, 68, 69, 71, 74, 77, 78, 79, 81]",,,,,,,,101,120,,105,,,,,101,,,128,,,,105,128,,114,,,118,,,111,,,,,,130,132,,,130,122,,,,128,,122,108
