ID,confirmedBlock,confirmationTime,chainNum,confirmed_blocks,tips,arrival_time,agent,adoption_rate,block_transactions,transaction_creation_time,agent_1,agent_2,agent_3,agent_4,agent_5,agent_6,agent_7,agent_8,agent_9,agent_10,agent_11,agent_12,agent_13,agent_14,agent_15,agent_16,agent_17,agent_18,agent_19,agent_20,agent_21,agent_22,agent_23,agent_24,agent_25,agent_26,agent_27,agent_28,agent_29,agent_30,agent_31,agent_32,agent_33,agent_34,agent_35,agent_36,agent_37,agent_38,agent_39,agent_40,agent_41,agent_42,agent_43,agent_44,agent_45,agent_46,agent_47,agent_48,agent_49,agent_50
0,False,,0,[],[],0,[0],0.0,[],[],0,0,0,0,0,0,0,0,0,0,0,0,0,0,0,0,0,0,0,0,0,0,0,0,0,0,0,0,0,0,0,0,0,0,0,0,0,0,0,0,0,0,0,0,0,0,0,0,0,0
1,False,,1,[],[0],60,[9],0.9990009990009991,"[0, 1, 3, 4, 5, 6, 7, 8, 9, 10, 11, 12, 13, 14, 15, 17, 18, 21, 22, 24, 26, 27, 28, 30, 31, 32, 33, 34, 35, 37, 41, 53]","[2, 2, 4, 5, 5, 6, 7, 7, 7, 8, 11, 11, 12, 14, 15, 16, 19, 21, 22, 23, 25, 26, 27, 29, 30, 32, 33, 33, 33, 35, 39, 48]",73,101,131,96,95,89,118,90,103,60,105,106,93,116,82,85,89,106,87,73,90,93,105,110,99,75,,,82,68,89,114,113,85,104,96,119,99,,81,79,102,122,109,89,115,91,85,112,82
2,False,,1,[],[0],61,[36],0.49975012493753124,"[0, 1, 2, 3, 4, 5, 6, 7, 9, 10, 11, 13, 15, 16, 17, 18, 19, 23, 24, 25, 31, 36, 38, 43, 48]","[2, 2, 3, 4, 5, 5, 6, 7, 7, 8, 11, 12, 15, 16, 16, 19, 20, 23, 23, 24, 30, 33, 35, 41, 45]",,84,95,127,129,,127,,130,,,,,119,101,,109,123,,117,115,,,130,101,,112,89,,130,130,,120,120,115,,61,101,,128,128,121,,92,121,,,,,
3,False,,2,[],[1],101,[15],0.6664445184938355,"[2, 16, 19, 20, 23, 25, 29, 36, 38, 39, 40, 42, 43, 44, 45, 46, 47, 48, 49, 50, 51, 52, 54, 55, 57, 58, 59, 60, 61, 62, 63, 64, 65, 66, 67, 68, 69, 71, 72, 73, 75, 76, 78, 82, 84, 86, 90, 94]","[3, 16, 20, 21, 23, 24, 28, 33, 35, 36, 37, 39, 41, 41, 43, 43, 45, 45, 46, 46, 46, 48, 49, 51, 56, 58, 59, 59, 62, 63, 63, 63, 64, 64, 64, 65, 66, 67, 67, 68, 69, 71, 74, 77, 78, 79, 81, 86]",,,,,117,,,101,120,132,105,,,,,101,,,128,,,,105,128,132,114,,,118,,,114,130,,,,129,130,,,,130,122,,,,128,,122,132
