ID,confirmedBlock,confirmationTime,chainNum,confirmed_blocks,tips,arrival_time,agent,adoption_rate,block_transactions,transaction_creation_time,agent_1,agent_2,agent_3,agent_4,agent_5
0,False,,0,[],[],0,[0],0.0,[],[],0,0,0,0,0
1,False,,1,[],[0],22,[3],0.9990009990009991,"[2, 3, 6, 10, 14, 19]","[2, 3, 3, 5, 9, 12]",,83,,22,
2,False,,1,[],[0],73,[4],0.49975012493753124,"[0, 1, 4, 5, 7, 8, 9, 11, 12, 13, 15, 16, 17, 18, 20, 21, 22, 24, 25, 26, 27, 30, 32, 34, 35, 36, 37, 41, 44, 47, 48, 51, 52, 54, 55, 56, 58, 62, 65, 66, 68, 69, 72, 74, 75, 78, 79]","[1, 2, 3, 3, 4, 4, 5, 7, 7, 9, 10, 11, 11, 12, 13, 17, 17, 20, 23, 23, 23, 25, 29, 31, 31, 32, 34, 41, 43, 47, 47, 48, 49, 50, 50, 51, 52, 55, 56, 57, 61, 62, 64, 66, 67, 71, 72]",,,73,,73
